Ward,Searches,Searches which got estimate,Searches for Quotes,Searches which got Quotes,Bookings,Completed Trips,Search-to-estimate Rate,Estimate-to-search for quotes Rate,Quote Acceptance Rate,Quote-to-booking Rate,Cancelled Bookings,Booking Cancellation Rate,Conversion Rate,Drivers' Earnings,Average Distance per Trip (km),Average Fare per Trip,Distance Travelled (km),Latitude,Longitude
Other Wards,3071626,2712391,1890877,975708,954414,589585,0.883,0.697,0.516,0.978,364609,0.382,0.192,"₹12,00,07,713",10.37,₹175.04,7190364,,
Shantala Nagar,2401161,2384599,2067653,856568,841607,474271,0.993,0.867,0.414,0.983,367010,0.436,0.198,"₹7,11,77,412",7.48,₹138.74,3863534,15.346893,75.11025555239311
Doddakanahalli,1727250,1711471,1456511,596480,587089,350792,0.991,0.851,0.409,0.984,236139,0.402,0.203,"₹5,92,11,778",9.02,₹159.54,3354728,12.8877198,77.69982279254712
Agara,1226026,1214797,1043176,520539,508562,336728,0.991,0.859,0.499,0.977,171714,0.338,0.275,"₹4,75,68,017",7.63,₹137.67,2633026,24.35172205,79.15736089927425
Koramangala,1169452,1158300,994218,528008,515062,334904,0.991,0.858,0.531,0.975,180001,0.349,0.286,"₹4,45,96,808",6.97,₹128.74,2437405,13.2923988,77.7519261
Adugodi,1191234,1182173,1005962,536543,522711,313312,0.992,0.851,0.533,0.974,209053,0.4,0.263,"₹4,38,90,701",7.02,₹131.45,2338615,12.9428472,77.6104155
Suddagunte Palya,1320628,1308932,1126624,542706,530825,296399,0.991,0.861,0.482,0.978,234284,0.441,0.224,"₹3,94,11,590",7.11,₹129.98,2174999,12.9303921,77.60755493947676
Vasanth Nagar,962005,955421,795373,423856,416058,262534,0.993,0.832,0.533,0.982,153393,0.369,0.273,"₹3,59,20,222",7.4,₹132.98,2032705,17.4938648,78.3862078
Bellanduru,1365703,1354563,1176030,447575,440185,257849,0.992,0.868,0.381,0.983,182240,0.414,0.189,"₹4,46,94,374",9.17,₹160.63,2550817,12.9292114,77.6770417
Hoysala Nagar,703222,698197,586782,331654,326166,217110,0.993,0.84,0.565,0.983,108961,0.334,0.309,"₹2,78,98,914",6.37,₹119.80,1504039,12.9802093,77.6273767
Byrasandra,624214,618914,500722,314383,308615,208058,0.992,0.809,0.628,0.982,100479,0.326,0.333,"₹2,47,00,142",6.28,₹113.20,1372034,13.1044845,77.32703495262322
Old Thippasandra,633865,628921,541589,315579,310219,203512,0.992,0.861,0.583,0.983,106602,0.344,0.321,"₹2,77,16,600",7.01,₹129.86,1493473,12.9720823,77.6464991
Marathahalli,1129332,1120935,942426,375796,369706,202837,0.993,0.841,0.399,0.984,166767,0.451,0.18,"₹3,57,48,713",9.01,₹160.03,2011710,12.9552572,77.6984163
Domlur,703108,698041,602252,313868,308639,201305,0.993,0.863,0.521,0.983,107215,0.347,0.286,"₹2,80,37,082",7.06,₹130.78,1507904,12.9624669,77.6381958
HRBR Layout,495908,493395,399052,284677,280474,194414,0.995,0.809,0.713,0.985,85982,0.307,0.392,"₹2,46,94,375",6.66,₹120.75,1365275,13.02404,77.6400268
Sampangiram Nagar,918287,911485,763612,361001,355542,188850,0.993,0.838,0.473,0.985,166584,0.469,0.206,"₹2,80,29,607",7.69,₹137.83,1592800,12.9764099,77.59121562190366
Madivala,751268,742961,621190,322177,315216,187691,0.989,0.836,0.519,0.978,127466,0.404,0.25,"₹2,34,98,153",6.69,₹123.51,1283390,13.0247543,77.9280389
Gandhinagar,583453,577642,409590,298294,292759,183335,0.99,0.709,0.728,0.981,109334,0.374,0.314,"₹2,78,00,422",8.46,₹153.09,1574607,23.2232877,72.6492267
Aramane Nagara,546489,542221,416957,285980,279386,180884,0.992,0.769,0.686,0.977,98438,0.352,0.331,"₹2,49,79,189",7.22,₹128.38,1425382,13.01442405,77.57549241386118
Jakkuru,629076,624824,485812,297748,291553,179670,0.993,0.778,0.613,0.979,111831,0.384,0.286,"₹2,99,13,410",8.89,₹154.35,1743306,13.074050549999999,77.61607728825783
Vinayakanagar,564655,559717,461557,280715,275406,173474,0.991,0.825,0.608,0.981,101845,0.37,0.307,"₹2,32,02,000",7.48,₹133.85,1292724,12.9645584,77.7541058
J P Nagar,526581,522247,423506,272513,266903,172802,0.992,0.811,0.643,0.979,93999,0.352,0.328,"₹2,14,53,148",6.45,₹116.66,1186151,12.9096941,77.5866067
Whitefield,838663,831606,684364,286103,281317,170977,0.992,0.823,0.418,0.983,110293,0.392,0.204,"₹2,92,80,129",8.52,₹151.14,1679399,53.5533682,-2.2969019
Munnekollala,993367,983688,831207,302856,297146,166505,0.99,0.845,0.364,0.981,130590,0.44,0.168,"₹2,95,76,393",9.04,₹159.13,1687327,,
Ejipura,595161,589132,496076,273619,268768,163779,0.99,0.842,0.552,0.982,104902,0.39,0.275,"₹2,10,92,572",6.47,₹122.29,1148191,12.945245,77.6269144
Jeevanbhima Nagar,658033,652625,563304,269919,264220,160433,0.992,0.863,0.479,0.979,103743,0.393,0.244,"₹2,43,69,066",8.39,₹149.77,1367391,12.96503885,77.6510736379277
Kempapura,467690,464839,360926,240038,235067,150852,0.994,0.776,0.665,0.979,84173,0.358,0.323,"₹2,28,86,452",8.28,₹145.63,1322285,13.1589069,77.28847983452434
HSR - Singasandra,633334,627352,520343,255679,250108,145339,0.991,0.829,0.491,0.978,104704,0.419,0.229,"₹2,14,87,915",7.91,₹141.29,1209859,,
Shakambari Nagar,404779,401530,310798,215522,211098,143850,0.992,0.774,0.693,0.979,67203,0.318,0.355,"₹1,68,47,054",6.29,₹114.15,935402,12.9135785,77.5759435
New Thippasandra,514162,509398,430195,216416,212511,141334,0.991,0.845,0.503,0.982,71126,0.335,0.275,"₹2,03,34,402",7.57,₹135.66,1138133,12.9736956,77.6536931
Hudi,624101,619409,505072,241433,237996,139066,0.993,0.815,0.478,0.986,98878,0.415,0.223,"₹2,40,67,402",8.59,₹152.37,1376861,25.018415,117.558902
Ulsoor,591305,586928,509987,234286,231034,137688,0.993,0.869,0.459,0.986,93291,0.404,0.233,"₹1,94,96,628",7.28,₹132.34,1087433,12.9778793,77.6246697
Horamavu,474215,471298,373096,217363,213193,134402,0.994,0.792,0.583,0.981,78766,0.37,0.283,"₹2,14,19,228",8.54,₹149.94,1243702,13.0273312,77.6601508
C V Raman Nagar,553745,549626,443121,223614,220398,133108,0.993,0.806,0.505,0.986,87237,0.396,0.24,"₹1,89,27,535",7.35,₹132.29,1061714,12.9856478,77.6649767
BTM Layout,592216,586375,486876,231084,225865,131673,0.99,0.83,0.475,0.977,94148,0.417,0.222,"₹1,71,59,245",6.85,₹126.39,944612,12.9151772,77.6102821
AECS Layout,676398,671200,554146,225651,222152,131372,0.992,0.826,0.407,0.984,90735,0.408,0.194,"₹2,16,64,546",7.79,₹141.87,1221715,12.964118,77.7130369
Banasavadi,399496,396889,320276,196872,193129,129571,0.994,0.807,0.615,0.981,63520,0.329,0.324,"₹1,81,19,313",7.33,₹131.58,1027738,12.6061076,76.9217046
Hennur,415505,412861,318728,206331,202957,129335,0.994,0.772,0.647,0.984,73580,0.363,0.311,"₹1,80,50,307",7.26,₹130.63,1026125,13.0258087,77.6305067
N S Palya,467723,462917,382404,202109,197602,128229,0.99,0.826,0.528,0.978,69328,0.351,0.274,"₹1,68,04,588",7.29,₹131.77,932215,12.92839245,77.6070299385418
Dodda Nekkundi,607388,602318,496200,214444,210757,127586,0.992,0.824,0.432,0.983,83119,0.394,0.21,"₹2,15,82,457",8.44,₹148.42,1235186,12.9686859,77.6966092649896
Jnana Bharathi,319314,316723,227074,186083,182666,125721,0.992,0.717,0.82,0.982,56904,0.311,0.394,"₹1,63,82,506",7.13,₹124.87,947899,12.9433485,77.5112326
Sarakki,340594,337939,269400,193160,188967,125071,0.992,0.797,0.717,0.978,63821,0.338,0.367,"₹1,49,15,086",6.07,₹111.14,813727,12.9087511,77.5798635
Subramanyapura,355850,352874,269420,186568,182249,124196,0.992,0.764,0.693,0.977,58020,0.318,0.349,"₹1,72,48,916",7.97,₹139.95,998378,12.8963963,77.5377864
Pulikeshinagar,372621,370303,305602,186689,184193,122558,0.994,0.825,0.611,0.987,61553,0.334,0.329,"₹1,46,06,750",5.85,₹110.85,795966,12.9957443,77.61173604711666
Kalkere,474310,471110,380594,195394,192404,121528,0.993,0.808,0.513,0.985,70832,0.368,0.256,"₹1,97,39,152",8.75,₹154.38,1134101,13.6973466,76.1517475
Ibluru,529396,524454,451357,196173,192428,120717,0.991,0.861,0.435,0.981,71676,0.373,0.228,"₹1,87,02,426",8.26,₹146.46,1052691,12.91216645,77.65464311500888
Kalena Agrahara,470987,465367,374447,189087,185254,120613,0.988,0.805,0.505,0.98,64607,0.349,0.256,"₹2,05,90,403",9.98,₹172.89,1198826,12.86002985,77.6122283217251
Vishveshwara Puram,387229,384832,294439,190086,186643,120170,0.994,0.765,0.646,0.982,66426,0.356,0.31,"₹1,41,85,350",6.65,₹120.04,795860,12.94531465,77.58258736538443
Rajarajeshwari Nagar,297997,295464,208838,174366,170354,119567,0.992,0.707,0.835,0.977,50761,0.298,0.401,"₹1,73,02,405",7.97,₹137.66,1013757,12.9274413,77.5155224
Hulimavu,399563,395970,317072,186245,182318,119094,0.991,0.801,0.587,0.979,63188,0.347,0.298,"₹1,72,54,752",7.91,₹141.18,979150,12.8773486,77.6028031
Mahadevapura,519993,516186,422924,197874,195067,116959,0.993,0.819,0.468,0.986,78061,0.4,0.225,"₹1,80,52,185",7.57,₹137.16,1018123,12.9934976,77.6924156
Belathur,473171,468835,359181,189652,186679,115788,0.991,0.766,0.528,0.984,70818,0.379,0.245,"₹1,97,51,448",8.71,₹153.60,1138460,13.0061889,77.7489674
Rupenaagrahara,468424,464133,386058,195007,190728,111611,0.991,0.832,0.505,0.978,79081,0.415,0.238,"₹1,67,17,199",7.96,₹142.96,948513,,
Byatarayanapura,326788,324286,247453,172205,168796,110246,0.992,0.763,0.696,0.98,58518,0.347,0.337,"₹1,73,87,578",8.48,₹148.43,1012272,13.0666526,77.591967
Jogupalya,352576,349570,298481,165972,163111,108242,0.992,0.854,0.556,0.983,54840,0.336,0.307,"₹1,38,70,184",6.39,₹118.33,764262,12.9746882,77.628026
Hemmigepura,324225,318922,224149,161678,158827,106777,0.984,0.703,0.721,0.982,52002,0.327,0.329,"₹1,57,55,609",8.48,₹146.23,924865,12.8819289,77.4854975
Babusab Palya,387542,384927,315006,171652,168721,105895,0.993,0.818,0.545,0.983,62790,0.372,0.273,"₹1,51,17,374",7.23,₹131.09,854485,13.0223417,77.6474158
Kogilu,323620,320789,221308,164071,159915,104384,0.991,0.69,0.741,0.975,55521,0.347,0.323,"₹2,05,01,848",11.34,₹190.25,1229470,13.103973,77.6167721
Konena Agrahara,398931,395259,335826,162443,159894,102850,0.991,0.85,0.484,0.984,57016,0.357,0.258,"₹1,52,86,571",8.17,₹146.20,859142,12.9586061,77.6623373
Konanakunte,288519,286472,217972,158009,154765,101021,0.993,0.761,0.725,0.979,53684,0.347,0.35,"₹1,28,39,437",6.87,₹122.45,720459,12.8792861,77.5697529
Sunkenahalli,266613,264632,207272,151687,148854,100920,0.993,0.783,0.732,0.981,47886,0.322,0.379,"₹1,21,27,955",6.41,₹114.38,686467,12.948354250000001,77.57053439887503
Kadu Malleshwara,234374,232026,177602,142192,139524,100728,0.99,0.765,0.801,0.981,38757,0.278,0.43,"₹1,29,11,553",7.26,₹127.05,743775,13.005183800000001,77.57175124237367
Subhash Nagar,312008,308910,215494,163133,160185,96108,0.99,0.698,0.757,0.982,64030,0.4,0.308,"₹1,52,44,495",8.63,₹153.30,865902,21.1233162,79.0420532
Radhakrishna Temple Ward,235760,234113,181242,142398,138698,94980,0.993,0.774,0.786,0.974,43684,0.315,0.403,"₹1,30,95,032",7.4,₹130.61,749821,13.0369829,77.57031320341127
Amrutahalli,290243,288253,221378,144297,141512,90988,0.993,0.768,0.652,0.981,50503,0.357,0.314,"₹1,44,84,899",8.49,₹149.11,840939,13.0662319,77.6007646
Nagapura,224785,222670,157606,134768,132094,90419,0.991,0.708,0.855,0.98,41635,0.315,0.402,"₹1,13,69,271",6.8,₹120.42,647417,12.8869427,77.975712
Lingarajapura,247617,246121,206967,134855,133228,89020,0.994,0.841,0.652,0.988,44176,0.332,0.359,"₹1,10,30,167",6.22,₹115.48,611475,13.1302752,77.53883451049131
Devasandra,328961,326957,269416,153505,151453,88876,0.994,0.824,0.57,0.987,62507,0.413,0.27,"₹1,44,25,616",7.7,₹139.96,793244,12.7870107,77.0996771
Arakere,297635,295178,236337,134482,131785,88063,0.992,0.801,0.569,0.98,43700,0.332,0.296,"₹1,27,50,606",7.82,₹139.77,726830,13.3996661,77.1205298
Bilekhalli,341292,337884,279585,138524,135758,86611,0.99,0.827,0.495,0.98,49113,0.362,0.254,"₹1,23,55,272",8.19,₹144.87,696746,12.8976681,77.59845826702619
Lal Bahadur Nagar,298439,296273,233434,130990,128841,85453,0.993,0.788,0.561,0.984,43354,0.337,0.286,"₹1,17,87,280",7.19,₹129.90,663330,12.96766245,77.67610377012093
Hombegowda Nagara,297006,295059,242405,134879,132613,84882,0.993,0.822,0.556,0.983,47700,0.36,0.286,"₹1,02,91,927",6.4,₹119.14,572545,12.94914525,77.59813853450976
Sanjaya Nagar,232325,230554,173003,126576,123907,84364,0.992,0.75,0.732,0.979,39515,0.319,0.363,"₹1,19,50,621",7.31,₹130.66,690457,13.035538899999999,77.582033302197
Jalakanteshwara Nagara,341355,338254,285154,127964,126460,84108,0.991,0.843,0.449,0.988,42323,0.335,0.246,"₹1,23,21,916",8.16,₹146.14,690292,12.9615738,77.5766408
Subramanya Nagar,227183,224956,167526,134840,132053,84018,0.99,0.745,0.805,0.979,47975,0.363,0.37,"₹1,16,20,465",7.33,₹130.39,658156,17.3315739,78.6108396
A Narayanapura,380520,378236,297503,150915,148604,83641,0.994,0.787,0.507,0.985,64929,0.437,0.22,"₹1,29,60,687",7.84,₹144.20,724832,12.9930799,77.6753587
Dharmaraya Swamy Temple Ward,366440,364066,297903,156645,154173,81338,0.994,0.818,0.526,0.984,72800,0.472,0.222,"₹1,17,91,632",8.25,₹144.28,677451,12.96552105,77.58318671179347
Ganesh Mandir ward,194825,193315,148871,117351,115021,81053,0.992,0.77,0.788,0.98,33945,0.295,0.416,"₹92,25,801",6.34,₹114.06,518193,12.9250985,77.55919970480537
Maruthi Seva Nagar,242742,241202,199286,122196,120619,77966,0.994,0.826,0.613,0.987,42616,0.353,0.321,"₹1,04,65,501",6.83,₹125.11,588080,13.00317,77.6326118
Yediyur,217584,215964,173558,116380,114022,77289,0.993,0.804,0.671,0.98,36701,0.322,0.355,"₹93,36,611",6.16,₹111.86,524159,13.1312237,77.6957681
RBI layout,238409,236384,191958,114847,112912,75034,0.992,0.812,0.598,0.983,37859,0.335,0.315,"₹1,03,08,499",7.74,₹138.01,586125,12.8884396,77.580509
Basavanagudi,186676,185269,141789,107661,105222,74855,0.993,0.765,0.759,0.977,30342,0.288,0.401,"₹87,39,365",5.93,₹106.91,494307,13.8345913,75.7339359
Ashoka Pillar,240165,238394,193374,116459,114382,74768,0.993,0.811,0.602,0.982,39588,0.346,0.311,"₹88,92,465",6.24,₹113.58,495915,10.2299031,77.4917867
Shanthi Nagar,295377,293117,250398,119619,117491,74214,0.992,0.854,0.478,0.982,43247,0.368,0.251,"₹88,32,651",6.12,₹113.80,489106,17.2376265,80.1450428
Hebbala,210018,208859,160264,113237,111227,74191,0.995,0.767,0.707,0.982,37015,0.333,0.353,"₹1,04,51,800",7.18,₹128.16,600960,16.4374532,75.9419779
Jakkasandra,293539,290421,234646,122559,120381,71542,0.989,0.808,0.522,0.982,48812,0.406,0.244,"₹1,00,09,357",7.65,₹137.15,561808,13.087091650000001,77.382699892682
Vasanthpura,197481,195766,146501,106645,104593,71270,0.991,0.748,0.728,0.981,33305,0.318,0.361,"₹91,66,566",7.22,₹127.94,522826,12.89527635,77.55058228260532
Chatrapati Shivaji,246998,245430,168460,123534,121287,70969,0.994,0.686,0.733,0.982,50282,0.415,0.287,"₹1,18,52,321",10.02,₹176.51,684706,19.08405305,72.88170538689442
Ganga Nagar,188574,187413,143991,105956,103887,70862,0.994,0.768,0.736,0.98,33000,0.318,0.376,"₹91,41,119",6.67,₹120.88,517686,26.9130086,75.7245126
Veeramadakari,220637,219153,162699,111091,108624,70763,0.993,0.742,0.683,0.978,37831,0.348,0.321,"₹93,32,952",7.09,₹125.90,537835,,
Kodigehalli,196145,194961,149308,107883,105725,70564,0.994,0.766,0.723,0.98,35140,0.332,0.36,"₹1,02,30,486",7.6,₹133.63,593640,13.3352382,77.6378555
Chunchaghatta,217645,215880,168160,102629,100846,69785,0.992,0.779,0.61,0.983,31050,0.308,0.321,"₹98,09,361",8.04,₹142.83,561909,12.8854954,77.5750342
Girinagar,151298,150124,109429,94526,92674,68559,0.992,0.729,0.864,0.98,24098,0.26,0.453,"₹81,20,554",6.16,₹110.86,464514,9.9628893,76.29880943060058
Vidyaranyapura,162334,161161,115878,94688,92989,68434,0.993,0.719,0.817,0.982,24532,0.264,0.422,"₹1,02,60,458",8.23,₹142.87,601776,13.4061933,75.2498674
Puttenahalli - Sarakki Lake,207078,205166,162436,105664,103627,68322,0.991,0.792,0.65,0.981,35287,0.341,0.33,"₹89,25,759",6.89,₹124.26,502544,,
Vijnana Nagar,284810,282184,236325,102203,100939,67616,0.991,0.837,0.433,0.988,33306,0.33,0.237,"₹1,04,84,765",8.31,₹148.27,591561,12.97353085,77.68237468189531
Ramamurthy Nagara,232429,231146,181021,102245,100972,66479,0.995,0.783,0.565,0.988,34467,0.341,0.286,"₹93,19,066",7.22,₹130.58,526973,13.0120218,77.6777817
Kacharkanahalli,191730,190608,151235,100993,99607,65419,0.994,0.793,0.668,0.986,34157,0.343,0.341,"₹83,39,738",6.79,₹123.42,468312,13.0201456,77.63271304873194
New Bayappanahalli,254107,252254,209679,108901,107300,65408,0.993,0.831,0.519,0.985,41874,0.39,0.257,"₹88,28,102",6.72,₹121.67,495902,,
Uttarahalli,186490,185055,140087,98160,95735,65255,0.992,0.757,0.701,0.975,30463,0.318,0.35,"₹83,20,142",7.63,₹135.69,473598,12.9055682,77.5455438
Begur,265563,263194,209042,106436,104409,65013,0.991,0.794,0.509,0.981,39383,0.377,0.245,"₹1,08,98,601",9.51,₹165.47,632169,41.9541918,3.2088349
Kaval Bairasandra,193601,192567,152405,97995,96136,63841,0.995,0.791,0.643,0.981,32275,0.336,0.33,"₹85,33,133",6.86,₹124.91,483576,13.02836435,77.61154199298105
Malleswaram,166854,165380,122220,93842,91944,63512,0.991,0.739,0.768,0.98,28406,0.309,0.381,"₹76,87,376",6.73,₹120.55,436550,17.1073132,80.8790288
Varthuru,402250,390539,324590,105265,103606,62888,0.971,0.831,0.324,0.984,40705,0.393,0.156,"₹1,29,61,411",10.96,₹190.49,759723,12.9406152,77.7469937
Hagadur,278239,274893,217235,104341,102653,62887,0.988,0.79,0.48,0.984,39751,0.387,0.226,"₹1,11,27,797",8.77,₹153.23,643245,12.9648648,77.7557276
Padmanabha Nagar,158399,157105,120091,90719,88380,62331,0.992,0.764,0.755,0.974,26035,0.295,0.394,"₹73,40,332",6.31,₹113.41,414667,13.0045512,80.2587292
Chamrajapet,200517,198991,150994,104756,102838,61777,0.992,0.759,0.694,0.982,41031,0.399,0.308,"₹77,86,960",6.75,₹120.21,445176,12.95732895,77.56456126952216
Umamaheshwara Ward,164543,163007,125458,91960,89945,61347,0.991,0.77,0.733,0.978,28580,0.318,0.373,"₹74,19,194",5.88,₹107.51,418110,10.6685575,76.4313698
Yelahanka Satellite Town,169746,168473,120260,96807,95135,61324,0.993,0.714,0.805,0.983,33788,0.355,0.361,"₹98,08,967",8.69,₹149.50,577463,13.0889472,77.58785284691349
Anjanapura,181644,179006,135191,91485,88729,60694,0.986,0.755,0.677,0.97,28021,0.316,0.334,"₹91,40,657",8.31,₹144.46,531947,12.6847039,77.2711718
Jayachamarajendra  Nagar,167767,166630,130339,90839,89181,60216,0.993,0.782,0.697,0.982,28949,0.325,0.359,"₹78,87,322",6.65,₹120.71,447086,13.0156002,77.58771609804788
Jayamahal,199847,198600,154332,96533,95354,57697,0.994,0.777,0.625,0.988,37629,0.395,0.289,"₹81,78,556",7.08,₹130.82,449166,12.9988116,77.5975789
Shettihalli,172369,170961,121801,87975,86145,56658,0.992,0.712,0.722,0.979,29465,0.342,0.329,"₹76,92,274",7.57,₹131.12,450388,13.4535989,77.852107
Lakkasandra,244683,242974,202937,96480,94954,56502,0.993,0.835,0.475,0.984,38431,0.405,0.231,"₹73,61,671",6.97,₹126.23,413147,13.1462273,77.3008060934105
Dattatreya Temple,139810,138323,104347,81795,80384,56306,0.989,0.754,0.784,0.983,24051,0.299,0.403,"₹70,92,611",6.58,₹118.04,404266,12.9976348,77.57487767705354
Medahalli,210416,208912,160872,89864,88720,56103,0.993,0.77,0.559,0.987,32596,0.367,0.267,"₹95,02,663",8.86,₹157.11,552030,13.0278454,77.7206079
K R Puram,246849,245151,181931,96758,95586,55788,0.993,0.742,0.532,0.988,39775,0.416,0.226,"₹87,30,663",8.15,₹144.68,501154,13.0088135,76.1078992
Garudachar Playa,233812,232336,191372,97957,96448,55750,0.994,0.824,0.512,0.985,40674,0.422,0.238,"₹90,38,348",8.3,₹147.09,510788,,
Katriguppe,136402,135253,100769,81074,79166,55446,0.992,0.745,0.805,0.976,23701,0.299,0.406,"₹64,75,234",6.52,₹117.47,366779,12.9280952,77.5488835
Devarachikkanahalli,226563,224459,181209,88766,87174,55262,0.991,0.807,0.49,0.982,31900,0.366,0.244,"₹83,43,832",8.29,₹147.16,475621,12.8999598,77.6044666
Kempegowda Ward,223033,220550,158743,91311,89805,54974,0.989,0.72,0.575,0.984,34816,0.388,0.246,"₹99,49,162",9.86,₹168.46,592827,13.11419655,77.5954396709399
Neelasandra,220700,219466,187313,90231,88979,54805,0.994,0.853,0.482,0.986,34144,0.384,0.248,"₹64,63,739",5.83,₹110.57,352007,12.9521793,77.6140918
Kumaraswamy Layout,143853,142737,105455,82322,80684,54590,0.992,0.739,0.781,0.98,26080,0.323,0.38,"₹63,71,132",6.39,₹114.23,358192,12.9067683,77.5595021
Thanisandra,155904,155006,113130,84772,82935,54435,0.994,0.73,0.749,0.978,28487,0.344,0.349,"₹87,98,989",8.64,₹150.70,514432,13.054713,77.6339258
Attiguppe,122277,121113,83123,74314,72200,52845,0.991,0.686,0.894,0.972,19332,0.268,0.432,"₹64,67,725",6.97,₹123.87,369824,12.3928366,76.3842397
Ramaswamy Palya,158326,157576,131163,78156,76894,52575,0.995,0.832,0.596,0.984,24304,0.316,0.332,"₹62,18,113",6.07,₹112.24,344823,,
Sudham Nagara,207651,206119,168626,88531,86990,51838,0.993,0.818,0.525,0.983,35118,0.404,0.25,"₹71,47,733",7.44,₹132.63,406732,,
Kanneshwara Rama,137753,136778,102151,76606,75289,50824,0.993,0.747,0.75,0.983,24444,0.325,0.369,"₹66,66,800",7.24,₹126.82,383834,,
Gurappanapalya,219358,217350,175884,97073,95401,50729,0.991,0.809,0.552,0.983,44650,0.468,0.231,"₹65,98,625",6.94,₹126.23,366661,12.92427845,77.59520571551772
Basavanapura,221845,220103,169213,83635,82367,50465,0.992,0.769,0.494,0.985,31894,0.387,0.228,"₹88,71,533",9.62,₹168.17,516880,11.9226236,76.9858509
Kudlu,236803,234065,197098,81672,80368,50108,0.988,0.842,0.414,0.984,30253,0.376,0.212,"₹83,78,598",9.02,₹159.12,480351,12.8889126,77.6555716
Sir M. Vishweshwaraiah,118310,117288,78883,70564,68993,49703,0.991,0.673,0.895,0.978,19275,0.279,0.42,"₹70,42,823",7.65,₹131.90,416894,28.5785326,77.175741
Mattikere,127532,126489,91822,74048,72560,49681,0.992,0.726,0.806,0.98,22863,0.315,0.39,"₹62,40,282",6.83,₹121.59,355613,13.1108198,76.9064025
Someshwara Ward,135715,134750,93900,74919,73572,49328,0.993,0.697,0.798,0.982,24230,0.329,0.364,"₹86,45,725",9.86,₹167.44,516119,12.9694658,77.5794819
Kuvempunagar,146326,145244,105110,75973,74164,49239,0.993,0.724,0.723,0.976,24917,0.336,0.337,"₹74,73,265",8.65,₹148.64,440698,12.2767088,76.62565433422009
Someshwara Nagar,202532,201374,160896,84826,83617,48356,0.994,0.799,0.527,0.986,35234,0.421,0.239,"₹69,48,587",7.55,₹133.60,398478,12.9754752,77.6249596
Nalvadi Krishnaraja Wadior Park,115514,114506,75953,68469,66856,48127,0.991,0.663,0.901,0.976,18727,0.28,0.417,"₹70,63,617",8.19,₹140.92,418340,,
Vishwanath Nagenahalli,154030,153201,118304,73656,72720,47891,0.995,0.772,0.623,0.987,24812,0.341,0.311,"₹65,30,937",6.53,₹119.33,370828,13.0388225,77.6033449
HAL Airport,211250,209175,169890,75050,74006,47030,0.99,0.812,0.442,0.986,26966,0.364,0.223,"₹74,94,305",8.55,₹151.55,428553,12.95146575,77.6706174862667
Vikram Nagar,119772,118755,89035,66520,64768,45251,0.992,0.75,0.747,0.974,19502,0.301,0.378,"₹58,00,764",7.24,₹129.76,330132,23.161783,75.8179959
Dodda Bommasandra,133094,132125,96560,68415,67164,44788,0.993,0.731,0.709,0.982,22363,0.333,0.337,"₹64,00,370",8.04,₹140.80,373067,13.0544346,77.55932688865724
Hanumanth Nagar,111343,110436,78939,63637,62055,44418,0.992,0.715,0.806,0.975,17619,0.284,0.399,"₹51,96,937",6.75,₹118.14,294931,12.947456299999999,77.56351738063006
Rajamahal Guttahalli,117569,116512,90080,64358,63260,44403,0.991,0.773,0.715,0.983,18841,0.298,0.378,"₹53,86,551",6.3,₹113.90,304299,13.001772899999999,77.57834674179693
Gottigere,122130,121067,86790,66013,64702,44306,0.991,0.717,0.761,0.98,20384,0.315,0.363,"₹69,70,268",9.04,₹155.56,405976,12.8565317,77.5877237
Okalipuram,138471,137027,105136,78599,77551,44243,0.99,0.767,0.748,0.987,33277,0.429,0.319,"₹61,59,044",6.79,₹122.73,345240,12.98239655,77.5648323575547
Bande Mutt,148773,147190,93694,68336,66875,43599,0.989,0.637,0.729,0.979,23253,0.348,0.293,"₹65,21,990",8.47,₹149.11,383759,12.91133335,77.47445008704999
Hosakerehalli,117622,116813,85572,69348,67711,43458,0.993,0.733,0.81,0.976,24243,0.358,0.37,"₹55,69,815",7.32,₹129.03,321161,12.9301881,77.5378332
Sriramamandir,103115,102017,73067,62026,60894,43222,0.989,0.716,0.849,0.982,17655,0.29,0.419,"₹54,02,455",6.58,₹117.45,311932,12.9849684,77.55760838306867
Chokkasandra,151979,151264,115735,74256,73111,43081,0.995,0.765,0.642,0.985,30011,0.41,0.283,"₹43,69,042",5.01,₹96.47,237432,13.1879708,77.9010899
Tilak Nagar,165973,164860,135480,73314,71905,42761,0.993,0.822,0.541,0.981,29125,0.405,0.258,"₹52,38,333",6.98,₹126.96,289803,28.6365482,77.0964961
Manorayanapalya,138726,137934,105934,67224,65761,42741,0.994,0.768,0.635,0.978,23005,0.35,0.308,"₹57,69,512",7.13,₹128.85,326215,13.031936649999999,77.60438186396622
Srinagar,100697,99704,70561,59450,58086,41921,0.99,0.708,0.843,0.977,16144,0.278,0.416,"₹50,44,899",6.68,₹118.81,289196,34.0747444,74.8204443
Kengeri,108258,107446,68375,57488,56271,39618,0.993,0.636,0.841,0.979,16645,0.296,0.366,"₹61,05,084",8.4,₹144.76,362715,12.9176571,77.4837568
Marappana Palya,118135,117071,75583,62138,60885,39411,0.991,0.646,0.822,0.98,21463,0.353,0.334,"₹50,33,661",6.87,₹122.99,287228,,
Hampi Nagar,95276,94422,65398,57118,55601,39198,0.991,0.693,0.873,0.973,16380,0.295,0.411,"₹49,96,931",6.72,₹120.11,287236,12.9609115,77.5358407
Ullal,99172,98336,64672,56247,54815,39147,0.992,0.658,0.87,0.975,15658,0.286,0.395,"₹61,39,405",9.6,₹162.23,367154,12.8181202,74.8459375
Naganathapura,171381,169665,131681,66576,65568,38620,0.99,0.776,0.506,0.985,26938,0.411,0.225,"₹74,16,872",10.4,₹179.22,436687,12.87179515,77.66559333834337
Kamakya Nagar,109692,108757,82046,58708,57518,38541,0.992,0.754,0.715,0.98,18968,0.33,0.351,"₹47,04,595",6.01,₹109.83,265949,12.9233245,77.5533301
Mangammanapalya,154378,152837,122653,67435,66180,38343,0.99,0.803,0.55,0.981,27818,0.42,0.248,"₹57,73,897",7.84,₹140.92,325690,12.8998659,77.63930687593918
Doddagollarahatti,98783,97839,61840,54233,53145,38065,0.99,0.632,0.877,0.98,15069,0.283,0.385,"₹61,48,958",9.0,₹151.89,369997,,
T Dasarahalli,116879,116132,81881,62233,61128,37945,0.994,0.705,0.76,0.982,23152,0.379,0.325,"₹44,28,407",6.41,₹115.27,248636,13.0457517,77.51404300816833
Vidyapeeta ward,98218,97305,72769,57004,55960,37832,0.991,0.748,0.783,0.982,18111,0.324,0.385,"₹44,05,252",6.19,₹112.18,247727,12.934034700000002,77.56594155582614
Chamundi Nagara,109038,108468,82395,56986,56063,37616,0.995,0.76,0.692,0.984,18434,0.329,0.345,"₹46,34,638",5.79,₹108.06,258432,13.02521195,77.59646995353445
Atturu Layout,106263,105338,71258,55686,54548,37150,0.991,0.676,0.781,0.98,17385,0.319,0.35,"₹62,54,460",9.0,₹169.54,372076,13.0994536,77.5680336
J P Park,107208,106388,77661,55905,54791,37081,0.992,0.73,0.72,0.98,17699,0.323,0.346,"₹49,36,530",6.65,₹119.43,284992,44.319957,-65.1838572
Nagarabhavi,87574,86839,60510,52907,51678,36747,0.992,0.697,0.874,0.977,14920,0.289,0.42,"₹50,50,626",7.73,₹134.74,295639,13.4451083,77.5578973
Marenahalli,83523,82785,56507,51111,49970,36141,0.991,0.683,0.905,0.978,13815,0.277,0.433,"₹43,40,983",7.04,₹124.10,248263,13.246671,78.2338123
Dr. Raj Kumar Ward,89477,88660,61954,52508,51412,35829,0.991,0.699,0.848,0.979,15561,0.303,0.4,"₹45,10,924",7.15,₹126.07,257641,13.315596,76.9431253
Jaraganahalli,110924,110009,85970,59511,58207,35674,0.992,0.781,0.692,0.978,22518,0.387,0.322,"₹40,62,345",6.79,₹121.30,225413,12.8992931,77.5772689580008
Chickpete,185488,183645,150079,93173,92089,34980,0.99,0.817,0.621,0.988,57078,0.62,0.189,"₹58,08,054",9.79,₹167.33,340988,12.9701392,77.5775301
Gali Anjenaya Temple ward,104178,103308,65657,55007,54258,34405,0.992,0.636,0.838,0.986,19834,0.365,0.33,"₹50,59,895",8.23,₹144.08,288389,,
Vannarapete,99365,98763,79376,50576,49797,33723,0.994,0.804,0.637,0.985,16070,0.323,0.339,"₹40,82,537",6.51,₹117.94,227962,12.9599932,77.6176375
Kammanahalli,111511,110898,87583,55916,55260,33576,0.995,0.79,0.638,0.988,21666,0.392,0.301,"₹44,12,131",6.67,₹121.53,248871,13.0093455,77.6377094
Defence Colony,113502,112831,80837,56497,55754,33207,0.994,0.716,0.699,0.987,22522,0.404,0.293,"₹38,57,800",6.09,₹111.03,217101,28.5713575,77.2330402
Kushal Nagar,106911,106401,82697,52289,51701,32787,0.995,0.777,0.632,0.989,18908,0.366,0.307,"₹40,58,575",6.48,₹118.28,227574,13.0187848,77.6151144
Rajaji Nagar,78766,78002,52276,46245,45396,32404,0.99,0.67,0.885,0.982,12979,0.286,0.411,"₹41,07,176",6.26,₹112.33,235670,18.0142278,79.55262448961471
Bommanahalli,152618,151217,122893,55029,54175,32011,0.991,0.813,0.448,0.984,22152,0.409,0.21,"₹44,56,835",7.35,₹132.21,249748,12.9089453,77.6239038
Vijinapura,125088,124310,95925,52300,51728,31626,0.994,0.772,0.545,0.989,20092,0.388,0.253,"₹45,21,821",7.46,₹134.92,255491,13.007014,77.66786328006063
Srinivasa Nagar,74452,73908,51573,43303,42504,31259,0.993,0.698,0.84,0.982,11234,0.264,0.42,"₹36,41,236",6.62,₹117.91,207210,17.2313456,80.1374548
Agaram,140342,139281,113197,52499,51730,31096,0.992,0.813,0.464,0.985,20624,0.399,0.222,"₹41,44,647",7.01,₹127.39,229317,12.28843485,79.8801770569303
Gayithri Nagar,77922,77120,52814,44397,43591,31052,0.99,0.685,0.841,0.982,12526,0.287,0.399,"₹37,14,235",6.33,₹114.27,211782,12.9976458,77.562323867253
Vijayanagara Krishnadevaraya,79830,79216,51953,45187,44220,30360,0.992,0.656,0.87,0.979,13851,0.313,0.38,"₹40,21,673",7.41,₹127.94,235209,15.15101445,76.87634342272128
Kammagondanahalli,88813,88177,63366,44948,44183,30124,0.993,0.719,0.709,0.983,14051,0.318,0.339,"₹46,42,293",8.44,₹144.22,274443,13.0620306,77.5354745
Veerabhadranagar,83820,83214,58885,46701,45797,29394,0.993,0.708,0.793,0.981,16390,0.358,0.351,"₹33,13,096",6.11,₹109.13,186855,17.6655732,78.3723449
Bharathi Nagar,113705,113062,92076,52147,51610,28677,0.994,0.814,0.566,0.99,22911,0.444,0.252,"₹35,77,300",6.35,₹116.49,197970,16.506886,80.6674296
Yelachenahalli,92064,91284,68402,48782,47953,28465,0.992,0.749,0.713,0.983,19475,0.406,0.309,"₹35,43,903",6.32,₹115.22,199914,12.897971,77.5700846
Deen Dayalu Ward,86800,86185,60896,45429,44423,28289,0.993,0.707,0.746,0.978,16127,0.363,0.326,"₹34,87,579",7.42,₹131.25,198272,,
Kadugondanahalli,94784,94377,71903,46635,45936,28083,0.996,0.762,0.649,0.985,17837,0.388,0.296,"₹34,74,646",6.17,₹113.46,193981,13.0207029,77.6215464
Sagayarapuram,98658,98158,79329,46502,46108,28010,0.995,0.808,0.586,0.992,18086,0.392,0.284,"₹32,70,499",5.85,₹108.30,178616,13.00528525,77.6163623712439
Chanakya,96377,95232,57457,46149,44733,27699,0.988,0.603,0.803,0.969,17027,0.381,0.287,"₹38,52,559",7.52,₹136.38,221877,26.8931734,75.7393253
Shivanagara,64174,63577,43741,38676,37977,27691,0.991,0.688,0.884,0.982,10269,0.27,0.431,"₹33,83,414",6.63,₹117.86,193984,14.832897,75.6068802
Mahalakshimpuram,65516,64850,44936,39445,38745,27477,0.99,0.693,0.878,0.982,11250,0.29,0.419,"₹33,70,934",6.53,₹116.34,193461,,
Basaveshwara Nagar,58527,57844,40053,36905,36131,27146,0.988,0.692,0.921,0.979,8976,0.248,0.464,"₹33,50,801",7.74,₹132.38,194172,12.99118045,77.54489175084052
Vidyamanyanagar,75939,75319,48394,40083,38827,26581,0.992,0.643,0.828,0.969,12238,0.315,0.35,"₹42,53,108",8.98,₹151.45,255355,13.0071319,77.4896353
Peenya,91034,90256,62590,46109,45149,26421,0.992,0.693,0.737,0.979,18711,0.414,0.29,"₹35,43,467",7.85,₹138.30,206158,13.0329419,77.5273253
Chowdeswari Ward,90118,88903,60275,42773,41720,26194,0.987,0.678,0.71,0.975,15518,0.372,0.291,"₹53,13,533",11.42,₹193.13,322290,13.105721599999999,77.58300836953514
Govindaraja Nagar,56479,55909,37517,34726,33936,25734,0.99,0.671,0.926,0.977,8195,0.241,0.456,"₹33,03,480",6.92,₹122.15,192036,12.98033475,77.53791538448837
Maruthi Mandir ward,59573,59060,39759,36081,35073,25648,0.991,0.673,0.908,0.972,9417,0.269,0.43,"₹33,53,990",7.65,₹133.05,194119,12.9703764,77.5263573022634
Kamakshipalya,57410,56844,38391,35243,34658,25365,0.99,0.675,0.918,0.983,9284,0.268,0.442,"₹32,63,544",6.98,₹124.77,189598,12.9823617,77.5226376
Avalahalli,67045,66451,46911,38773,37890,24789,0.991,0.706,0.827,0.977,13090,0.345,0.37,"₹33,15,008",7.5,₹132.55,189999,13.133615850000002,77.56057907999184
Banashankari Temple ward,85840,85171,60417,42008,41326,24423,0.992,0.709,0.695,0.984,16888,0.409,0.284,"₹25,98,862",5.61,₹103.27,141898,12.9117374,77.57033282631957
Kadugodi,114762,113298,84957,40959,40210,24200,0.987,0.75,0.482,0.982,16001,0.398,0.211,"₹45,37,344",8.91,₹155.22,267519,12.9985767,77.7609716
Bagalakunte,80540,80086,53963,37043,36470,23104,0.994,0.674,0.687,0.985,13344,0.366,0.287,"₹30,01,387",6.12,₹112.39,173032,13.053630550000001,77.50196713347404
Hosahalli,55891,55379,38890,33599,32751,22777,0.991,0.702,0.864,0.975,9970,0.304,0.408,"₹28,91,049",6.7,₹118.29,167216,13.21323145,77.26928513405343
Shankar Matt,53607,53055,36312,32452,31755,22594,0.99,0.684,0.894,0.979,9155,0.288,0.421,"₹27,47,829",6.5,₹114.19,158582,12.997768149999999,77.53334700522072
Nelagadderanahalli,70269,69751,52684,33633,33005,20820,0.993,0.755,0.638,0.981,12173,0.369,0.296,"₹27,89,659",7.24,₹125.97,162660,,
Dodda Bidarakallu,75747,75035,49346,34318,33515,20643,0.991,0.658,0.695,0.977,12864,0.384,0.273,"₹33,25,375",8.39,₹144.62,198915,13.02682265,77.4873879468482
Vijayanagar,54745,54304,37527,30855,30132,20474,0.992,0.691,0.822,0.977,9645,0.32,0.374,"₹22,56,693",5.67,₹102.67,126023,29.2436472,73.5222553
Prakash Nagar,50760,50320,34779,29499,28934,19727,0.991,0.691,0.848,0.981,9197,0.318,0.389,"₹23,17,255",6.67,₹117.97,131028,17.2300647,80.1331686
Shakthi Ganapathi Nagar,45353,44976,30181,27389,26831,19527,0.992,0.671,0.908,0.98,7288,0.272,0.431,"₹24,48,766",6.77,₹119.28,142028,12.993783,77.5360361
Chandra Layout,50247,49912,34372,28748,28165,19187,0.993,0.689,0.836,0.98,8972,0.319,0.382,"₹24,56,871",7.12,₹124.05,141833,12.965293,77.5181551
Herohalli,47952,47600,29755,26798,26192,18276,0.993,0.625,0.901,0.977,7916,0.302,0.381,"₹27,24,334",9.7,₹162.35,162105,12.9912345,77.4870119
Agrahara Dasarahalli,43027,42536,27331,25002,24554,18053,0.989,0.643,0.915,0.982,6496,0.265,0.42,"₹24,01,294",7.51,₹127.94,139769,12.9790631,77.5406823
Puneet Rajkumar,45863,45416,30747,26816,26265,18033,0.99,0.677,0.872,0.979,8224,0.313,0.393,"₹21,48,483",6.3,₹112.20,123322,13.015033599999999,77.53371976956359
Nandini Layout,44061,43724,30100,26165,25692,17747,0.992,0.688,0.869,0.982,7935,0.309,0.403,"₹22,03,322",7.98,₹136.49,127506,13.0104064,77.5378032
Binnipete,59606,59100,43772,30868,30446,17157,0.992,0.741,0.705,0.986,13280,0.436,0.288,"₹21,73,390",6.03,₹109.08,124006,12.972283399999998,77.55950501935607
Nagavara,68797,68313,48922,29950,29541,17006,0.993,0.716,0.612,0.986,12528,0.424,0.247,"₹21,28,376",6.27,₹115.24,118358,12.8335097,75.8599655
Rajagopal Nagar,49249,48787,35227,25452,24943,16453,0.991,0.722,0.723,0.98,8483,0.34,0.334,"₹21,43,115",6.57,₹116.78,124679,13.0123112,77.51386110257104
Ranadheera Kanteerava,46845,46412,30623,25551,24906,16164,0.991,0.66,0.834,0.975,8733,0.351,0.345,"₹19,33,328",6.37,₹112.10,111080,,
Hongasandra,66045,65467,52043,27198,26768,15798,0.991,0.795,0.523,0.984,10964,0.41,0.239,"₹23,11,899",7.83,₹141.91,131471,12.8974892,77.6250869
Cottonpete,67650,66994,50956,32826,32405,15118,0.99,0.761,0.644,0.987,17281,0.533,0.224,"₹20,35,209",6.58,₹118.78,117399,12.9656327,77.5658857
Dayananda Nagar,35860,35491,25987,20503,20224,13486,0.99,0.732,0.789,0.986,6736,0.333,0.376,"₹14,87,424",5.72,₹103.47,83810,12.991757849999999,77.5642956832944
Mudalapalya,34182,33913,21506,19335,18953,12984,0.992,0.634,0.899,0.98,5964,0.315,0.38,"₹16,22,413",5.85,₹105.07,93384,12.972678049999999,77.52162754647887
Nayandahalli,41688,41360,27115,20901,20511,12926,0.992,0.656,0.771,0.981,7576,0.369,0.31,"₹18,26,005",9.05,₹160.09,105622,12.9413253,77.5212118
Venkateshpura,53359,53147,41072,23750,23529,12897,0.996,0.773,0.578,0.991,10623,0.451,0.242,"₹14,53,487",6.19,₹112.54,79501,,
Azad Nagar,39763,39483,28953,21302,20954,12675,0.993,0.733,0.736,0.984,8270,0.395,0.319,"₹15,32,784",7.01,₹125.33,87562,26.2558913,88.1905154
Jai Maruthinagara,33022,32752,22329,19042,18500,12151,0.992,0.682,0.853,0.972,6338,0.343,0.368,"₹13,97,378",5.52,₹100.04,79844,,
Sunkadakatte,34069,33799,21816,18322,17930,11471,0.992,0.645,0.84,0.979,6451,0.36,0.337,"₹14,85,675",7.0,₹138.03,85935,14.2164449,75.6457628
Mallasandra,35455,35213,25485,17802,17359,11329,0.993,0.724,0.698,0.975,6028,0.347,0.319,"₹13,98,636",6.89,₹121.69,80245,13.7813983,77.8316785
Veera Sindhura Lakshamana,33045,32761,21258,17405,17019,11116,0.991,0.649,0.819,0.978,5900,0.347,0.336,"₹13,59,938",6.11,₹109.98,78414,,
Kaveripura,28034,27744,18644,15486,15239,9824,0.99,0.672,0.831,0.984,5412,0.355,0.35,"₹13,13,810",7.12,₹123.67,76749,12.2048393,77.1062716
Hegganahalli,29838,29557,19390,15783,15383,9628,0.991,0.656,0.814,0.975,5750,0.374,0.323,"₹12,61,951",8.58,₹149.67,73342,13.2187326,77.6104355
Vrisabhavathi Nagar,27199,26940,17322,14909,14631,9475,0.991,0.643,0.861,0.981,5149,0.352,0.348,"₹11,45,896",6.27,₹110.72,65907,12.988519,77.52552179234208
Rajeshwari Nagar,28779,28581,18659,14870,14391,9020,0.993,0.653,0.797,0.968,5365,0.373,0.313,"₹10,82,889",6.25,₹112,62331,17.3347866,78.6008776
Muneshwara Nagar,34615,34416,25294,15178,15016,8025,0.994,0.735,0.6,0.989,6985,0.465,0.232,"₹9,67,405",6.62,₹122.02,53837,13.0155777,77.61090664984235
Jagajivanaram Nagar,26740,26526,19388,13672,13471,6957,0.992,0.731,0.705,0.985,6512,0.483,0.26,"₹9,32,470",9.07,₹155.48,53891,,
Lakshmi Devi Nagar,19623,19467,12660,10597,10356,6580,0.992,0.65,0.837,0.977,3774,0.364,0.335,"₹7,84,021",7.66,₹133.48,44959,13.0161192,77.527197
S K Garden,28317,28182,21614,11877,11800,6492,0.995,0.767,0.549,0.994,5305,0.45,0.229,"₹8,17,438",7.25,₹132.63,45511,13.01239565,77.59984175420259
Chalavadipalya,23758,23618,17271,11491,11350,6328,0.994,0.731,0.665,0.988,5013,0.442,0.266,"₹8,14,489",6.59,₹121.66,46499,12.9643692,77.56304464788067
Padarayanapura,20946,20772,14648,10189,9934,5098,0.992,0.705,0.696,0.975,4830,0.486,0.243,"₹7,11,850",8.93,₹157.83,40182,12.96366575,77.54756740743159
Bapuji Nagar,18887,18768,12466,9740,9629,5074,0.994,0.664,0.781,0.989,4552,0.473,0.269,"₹6,34,454",6.99,₹128.51,36059,22.4884855,88.3717539
Kempapura Agrahara,16628,16463,11059,8049,7934,4452,0.99,0.672,0.728,0.986,3479,0.439,0.268,"₹5,20,021",6.26,₹112.07,29348,13.1548482,77.2895786
Devaraj Urs Nagar,17831,17746,12387,8865,8724,4040,0.995,0.698,0.716,0.984,4683,0.537,0.227,"₹5,07,415",5.45,₹97.72,28547,12.960608149999999,77.55159898694129
Devara Jeevanahalli,9611,9548,7245,3770,3730,1407,0.993,0.759,0.52,0.989,2323,0.623,0.146,"₹1,90,579",5.9,₹114,10687,13.0154727,77.60572839136377
Bangalore Total,67334064,66443051,52916372,30017755,29453513,18628581,0.987,0.796,0.567,0.981,10817296,0.367,0.277,"₹2,67,99,10,491",8.16,₹143.86,152007679,12.943176000000001,77.57977567479887
